Simtime;TotalRx;TotalTx;PRR
1;3121;3154;0.989537
2;18551;19418;0.955351
3;35891;38494;0.932379
4;53632;57741;0.928837
5;72226;76817;0.940235
6;89960;96007;0.937015
7;107313;115083;0.932484
8;122842;134311;0.914609
9;138323;153444;0.901456
10;154389;172577;0.894609
