Simtime;TotalRx;TotalTx;PRR
1;3121;3135;0.995534
2;17319;19323;0.896289
3;31185;38380;0.812533
4;44943;57551;0.780925
5;55469;76684;0.723345
6;67307;95722;0.703151
7;79883;114855;0.695512
8;92925;134007;0.693434
9;106197;153121;0.69355
10;119038;172254;0.691061
11;130657;191368;0.682753
12;143145;210463;0.680143
13;156941;229539;0.683723
14;168852;248710;0.678911
