Simtime;TotalRx;TotalTx;PRR
1;2909;3078;0.945094
2;16700;19247;0.867668
3;29476;38361;0.768385
4;41978;57456;0.730611
5;55587;76608;0.725603
6;69877;95779;0.729565
7;83012;114798;0.723114
8;96046;133988;0.716825
9;109751;153102;0.716849
10;120080;172273;0.697033
