Simtime;TotalRx;TotalTx;PRR
1;15293;15600;0.980321
2;53091;84318;0.629652
3;84720;162903;0.520064
4;115001;241332;0.476526
5;147329;319878;0.460579
6;184468;398385;0.46304
7;218339;477087;0.45765
