Simtime;TotalRx;TotalTx;PRR
1;15460;15717;0.983648
2;71846;84708;0.848161
3;112134;163020;0.687854
4;155628;241722;0.643831
5;200769;320190;0.627031
6;247720;398502;0.621628
7;288487;476970;0.604833
8;333621;555555;0.600518
9;381079;634023;0.601049
10;424187;712530;0.595325
