Simtime;TotalRx;TotalTx;PRR
1;15505;15834;0.979222
2;72376;84669;0.854811
3;123764;162786;0.760287
4;165935;241059;0.688358
5;219176;319410;0.68619
